email,password,first_name,last_name,image
pbechtelar@blanda.com,3LA9PvT5dTPEwktH,Alberta,Cartwright,https://www.whatsappimages.in/wp-content/uploads/2021/01/Cartoon-Profile-Images-for-Whatsapp-DP-6.jpg
bgerhold@gmail.com,NnFzGGP7xudK39Zn,Laila,Kunze,https://www.whatsappimages.in/wp-content/uploads/2021/01/Cartoon-Profile-Images-for-Whatsapp-DP-2.jpg
jast.elyse@gmail.com,P25KvgCjepDEawk3,Astrid,Dach,https://www.whatsappimages.in/wp-content/uploads/2021/01/Cartoon-Profile-Images-for-Whatsapp-DP-7.jpg
afisher@hotmail.com,gDEMXxcaczSt524k,Jamison,Hudson,https://i.pinimg.com/originals/61/02/b3/6102b30df8fd0bea7e212d61149ad585.jpg
luella99@gmail.com,y35TVkzrBtc5SZvb,Pasquale,Bartoletti,https://i.pinimg.com/originals/d3/7b/02/d37b020e87945ad7f245e48df752ed03.jpg
kosinski@thompson.com,jBLAFHuL9pBjARhF,Coty,Lebsack,https://cdn.dribbble.com/users/2364329/screenshots/4759681/dribbble-11.jpg
ramona95@gmail.com,UxgU4q5W6MQQjKYe,Susanna,Rippin,https://i.pinimg.com/originals/83/70/4f/83704f7c30da4c1892a15b859f0af833.jpg
ydaniel@gmail.com,gQ7r44aNjFzb9k6b,Hollis,Nitzsche,https://images-na.ssl-images-amazon.com/images/I/41ONa5HOwfL._SX466_.jpg
louie42@barrows.com,6RCfDqfy7x5sHrPC,Lorenza,Hegmann,https://i.pinimg.com/736x/8c/27/72/8c277270e64caf6b855ab53b9d612df8.jpg
demario57@gmail.com,LBSv4nJTRUdgFFJH,Olin,Cormier,https://cdn.dribbble.com/users/2364329/screenshots/10481283/050.jpg
pansy17@hotmail.com,HT5cCC55wdpDYCcT,Josephine,Armstrong,https://i.pinimg.com/736x/a6/05/5c/a6055c33c0d9a2ef11a81e6636973ab4.jpg
marcus.ruecker@yahoo.com,2U2Bs92pLtwk6Gpc,Demetris,Kilback,https://st3.depositphotos.com/2600945/15252/v/950/depositphotos_152528312-stock-illustration-illustration-of-a-man-cartoon.jpg
rocio.rolfson@hotmail.com,TF6p6SBL8GtbvNNG,Mikayla,Willms,https://i.pinimg.com/736x/00/94/54/0094549dbe8d79c55eb106f632f5f735.jpg
quitzon.josefa@yahoo.com,tNVmt6t5GJFjWPC4,Raphaelle,Osinski,https://appamatix.com/wp-content/uploads/2016/05/Anonymous-FeatPic.jpg
flemke@hotmail.com,SbzPqBWfTHbDyS2C,Leda,Lind,https://i.pinimg.com/originals/8c/88/5c/8c885c7e1f0b7f6beb3813b591eec52b.jpg
rfranecki@kreiger.com,PHmukARP3xtcxSnz,Marlon,Mante,https://i.pinimg.com/736x/ff/c7/6f/ffc76f33f38c57146583af8c0c090fe3.jpg
rachelle.weissnat@gusikowski.org,dmEu3VKJ7nt2Mjtj,Danny,Zulauf,https://i.pinimg.com/originals/b1/6c/b3/b16cb300771bce6b1b2ae7f8f9bda2a0.jpg
dlubowitz@kutch.com,vpBksL3hDLSyUK2g,Keara,O'Kon,https://i.pinimg.com/736x/da/f7/28/daf728ebbc9efb7b4e4337bfbd784066.jpg
anita81@rippin.info,UFZHywwyn6S5enxF,Ruby,Blanda,https://i.pinimg.com/736x/37/fe/44/37fe44f1fd2253a1e8aa0790aa843837.jpg
demmerich@jacobs.com,5gcAf76tmAjYMNpU,Darryl,Torphy,https://i.pinimg.com/736x/8b/16/7a/8b167af653c2399dd93b952a48740620.jpg
